lead_day,acc,rmse_rmm1,rmse_rmm2,rmse_combined,amp_err,amp_ratio,phase_err_deg,gridded_rmse_ttr,gridded_rmse_tcwv,gridded_rmse_u850,n_cases
1,0.5021,1.6342,0.9628,1.3412,0.3461,1.2092,66.3616,,,,23
2,0.2472,2.4586,1.5752,2.0647,1.3089,1.8557,79.3316,,,,23
3,0.1805,2.6031,1.9130,2.2842,1.6365,2.1246,79.6567,,,,23
4,0.1601,2.5786,2.0515,2.3300,1.7247,2.2193,80.3470,,,,23
5,0.1729,2.4948,2.1281,2.3187,1.7110,2.2014,75.8479,,,,23
6,0.1906,2.4187,2.1526,2.2895,1.7122,2.2154,75.7122,,,,23
7,0.1609,2.4074,2.1976,2.3049,1.7303,2.2555,77.1977,,,,23
8,0.0998,2.4028,2.2637,2.3343,1.7598,2.3235,83.5484,,,,23
9,0.0396,2.4221,2.3200,2.3716,1.7768,2.3671,87.7080,,,,23
10,-0.0551,2.4873,2.3745,2.4316,1.8609,2.5343,90.4258,,,,23
11,-0.1106,2.5662,2.3487,2.4598,1.9208,2.6629,98.5863,,,,23
12,-0.1040,2.5732,2.3622,2.4699,1.9153,2.6285,98.6735,,,,23
13,-0.0925,2.5498,2.4157,2.4836,1.9540,2.6762,99.6042,,,,23
14,-0.0622,2.4843,2.4787,2.4815,2.0064,2.7511,95.4115,,,,23
15,-0.0362,2.4482,2.5460,2.4976,2.0238,2.7305,97.8369,,,,23
16,-0.0429,2.4002,2.6846,2.5464,2.0907,2.7906,106.4505,,,,23
17,-0.0314,2.3420,2.7980,2.5801,2.1653,2.8639,105.0317,,,,23
18,-0.0491,2.3055,2.9107,2.6256,2.2271,2.9428,104.9623,,,,23
19,-0.0706,2.3043,2.9849,2.6664,2.2585,2.9582,102.0503,,,,23
20,-0.0526,2.3102,2.9569,2.6533,2.1919,2.8244,95.0815,,,,23
21,-0.0474,2.2689,2.9895,2.6538,2.1623,2.7872,92.9041,,,,23
22,-0.0610,2.2116,3.0543,2.6664,2.2020,2.8732,91.4542,,,,23
23,-0.0800,2.1710,3.1110,2.6825,2.1879,2.8452,90.8898,,,,23
24,-0.0846,2.1311,3.1557,2.6926,2.1726,2.7953,96.0944,,,,23
25,-0.1469,2.1887,3.2249,2.7559,2.1798,2.7875,99.7720,,,,23
26,-0.2015,2.2876,3.2080,2.7861,2.1944,2.8289,113.5341,,,,23
27,-0.2240,2.3529,3.1566,2.7839,2.1954,2.8586,117.1231,,,,23
28,-0.1839,2.3617,3.0727,2.7403,2.2222,2.9488,115.4209,,,,23
29,-0.1375,2.2960,3.0210,2.6831,2.2405,3.0277,109.3109,,,,23
30,-0.0930,2.2600,2.9912,2.6509,2.2549,3.0768,102.7104,,,,23
